Scintillator ,Mechanism,lightyield,dop_conc,host_band gap,av_el_diel_cons,av_ion_diel_cons,reference,av_ion_pot,ion_pot(+),ion_pot(-),Density (g/cc),av_electroneg,av.ele(+),av.ele(-),av_elec_aff,elec_aff(+),elec_aff(-),emp_rad(+),emp_rad(-),mendeleev(+),mendeleev(-)
AgGd(PO3)4:Ce,Ce3+,8000,15,0.356,,,"(S. Derenzo et al., 2011)",12.1665,9.2635,13.6181,3.98,2.953,1.559,3.123,1.2275,0.7603,1.4611,1.2346,0.6,76.4583,101
Ba2B5O9Cl:Eu,Eu2+,11000,2,5.242,,,"(S. Derenzo et al., 2011)",11.0272,7.4188,13.553,3.61,2.713,1.713,3.412,1.0852,0.2409,1.6763,1.2197,0.64,65.4514,100.8
Ba2Ca(BO3)2:Ce,Ce3+,5100,7,4.081,3.479,8.8182,"(Lin et al., 2007)",10.4442,6.6357,13.6181,4.54,2.497,1.365,3.44,0.8821,0.1874,1.4611,1.5516,0.6,43.704,101
Ba2MgSi2O7:Eu,Eu2+,10000,2,4.47,2.94,5.3133,"(S. Derenzo et al., 2011)",10.8098,6.8783,13.6181,4.1,2.582,1.381,3.44,1.0746,0.5334,1.4611,1.5976,0.6,54.232,101
Ba2P2O7:Eu,Eu2+,2500,3,5.148,,,"(S. Derenzo et al., 2011)",11.5228,7.8561,13.6181,3.958,2.751,0.899,3.162,1.0917,0.4452,1.4611,1.5705,0.6,52.06,101
Ba2Si3O8:Eu,Eu2+,35000,0.2,4.512,,,"(S. Derenzo et al., 2011)",11.0634,6.976,13.6181,3.802,2.693,1.499,3.44,1.242,0.8915,1.4611,1.5198,0.6,56.6032,101
Ba2SiO4:Eu,Eu2+,40000,0.2,4.632,,,"(S. Derenzo et al., 2011)",10.4356,6.1923,13.6181,5.23,2.493,1.231,3.44,1.0747,0.5595,1.4611,1.7996,0.6,37.672,101
Ba2YCl7:Ce,Ce3+,15000,2,4.711,,,"(S. Derenzo et al., 2011)",10.7401,5.5424,12.9676,3.491,2.512,0.999,3.16,2.5895,0.2021,3.6127,2.0293,1,17.7133,99
Ba2ZnSi2O7:Eu,Eu2+,16000,1,4.003,,,"(S. Derenzo et al., 2011)",10.9547,7.226,13.6181,4.548,2.6097,1.447,3.44,1.0579,0.4935,1.4611,1.5688,0.6,54.6693,101
Ba3(PO4)2:Eu,Eu2+,27000,1.5,5.263,,,"(S. Derenzo et al., 2011)",11.198,7.3258,13.6181,5.006,2.6603,0.895,3.19,1.0452,0.3837,1.4611,1.6873,0.6,44.436,101
Ba3B(PO4)3:Eu,Eu2+,18000,2,5.011,,,"(S. Derenzo et al., 2011)",11.5178,7.9172,13.6181,3.989,2.767,1.182,3.19,1.0782,0.4217,1.4611,1.4689,0.6,56.8914,101
Ba3Gd(BO3)3:Ce,Ce3+,370,4,,,,"(Han et al., 2007)",10.5761,6.6649,13.6181,5.3,2.559,1.427,3.44,0.9157,0.2144,1.4611,1.5377,0.6,46.7429,101
Ba3P4O13:Eu,Eu2+,25000,2.5,5.123,,,"(S. Derenzo et al., 2011)",11.7325,8.2309,13.6181,3.894,2.809,0.898,3.146,1.1192,0.4868,1.4611,1.4896,0.6,57.4714,101
BaBr1.7I0.3:Eu,Eu2+,112000,5,,,,"(Gundiah et al., 2011)",9.4845,5.2346,11.6094,,2.245,0.906,2.915,2.2597,0.1432,3.3179,2.135,1.1875,14.2,97.85
BaBr2,SA,8700,0,4.373,3.56,6.26,"(Selling et al., 2007)",9.6131,5.2117,11.8138,4.72,2.27,0.89,2.96,2.2906,0.1446,3.3636,2.15,1.15,14,98
BaBr2:Eu,Eu2+,58000,5,4.373,3.56,6.26,"(Yan et al., 2014)",9.6207,5.2346,11.8138,4.85,2.277,0.911,2.96,2.2901,0.1432,3.3636,2.135,1.15,14.2,98
BaBrCl:Eu,Eu2+,59500,5,4.484,3.14,4.3,"(Gundiah et al., 2013)
",10.0053,5.2346,12.3907,4.277,2.344,0.911,3.06,2.3732,0.1432,3.4882,2.135,1.075,14.2,98.5
BaBrI:Eu,Eu2+,97000,8,3.537,4.02,10.98,"(Bizarri et al., 2011a)",9.1711,5.2484,11.1325,4.889,2.177,0.911,2.81,2.1883,0.1423,3.2114,2.126,1.275,14.32,97.5
BaBrI:Eu,Eu2+,89000,5,3.537,4.02,10.98,"(Gundiah et al., 2011)
",9.1666,5.2346,11.1325,4.889,,,,2.1886,0.1432,0.1432,2.135,1.275,14.2,97.5
BaCl2,SA,4500,,5.612,2.87,4.54,"(Selling et al., 2007)",10.3823,5.2117,12.9676,3.394,2.403,0.89,3.16,2.4567,0.1446,3.6127,2.15,1,14,99
BaCl2:Eu,Eu2+,52000,5,5.612,2.87,4.54,"(Yan et al., 2014)",12.9676,5.2346,12.9676,3.394,2.41,0.911,3.16,2.4562,0.1432,3.6127,2.135,1,14.2,99
BaClI:Eu,Eu2+,54000,5,3.71,3.83,10.06,"(Bourret-Courchesne, 2012)",9.5512,5.2346,11.7095,4.6,2.241,0.906,2.91,2.2717,0.1432,3.3359,2.135,1.2,14.2,98
BaF2,SX,11000,,6.623,2.32,6.02,"(Knitel et al., 2000) (Sakai, 1987)",13.3524,5.2117,17.4228,4.695,2.9499,0.89,3.98,2.3157,0.1446,3.4012,2.15,0.5,14,102
BaF2:Ce,Ce3+,13000,0.2,6.623,2.32,6.02,"(Dorenbos et al., 1991)",13.3526,5.2123,17.4228,4.695,2.9502,0.891,3.98,2.316,0.1455,3.4012,2.1494,0.5,14.036,102
BaFI:Eu,Eu2+,55000,5,4.029,3.63,9.14,"(Bourret-Courchesne, 2012)",11.0362,5.2346,13.937,5.208,2.517,0.911,3.32,2.2012,0.1432,3.2302,2.135,0.95,14.2,99.5
BaGdCl5:Ce,Ce3+,35000,5,1.95,,,"(S. Derenzo et al., 2011)",10.8813,5.6655,12.9676,4.17,2.555,1.043,3.16,2.6342,0.188,3.6127,1.9675,1,20.625,99
BaHfO3:Ce,Ce3+,40000,1,3.941,4.7,39.2,"(Van Loef et al., 2007)",10.5788,6.02,13.6181,8.128,2.5002,1.091,3.44,0.9421,0.1636,1.4611,1.8485,0.6,32.09,101
BaI2:Eu,Eu2+,38000,5,3.436,4.19,7.26,"(Yan et al., 2014)",8.7124,5.2346,10.4513,4.899,2.077,0.911,2.66,2.0871,0.1432,3.0591,2.135,1.4,14.2,97
BaKPO4:Eu,Eu2+,35000,2,4.956,,,"(S. Derenzo et al., 2011)",10.6458,6.6827,13.6181,3.947,2.524,0.858,3.19,1.0338,0.464,1.4611,1.7813,0.6,38.0267,101
BaLu2F8,CV,400,,7.287,,,"(van ’t Spijker et al., 1999)",14.1314,5.3545,17.4228,6.828,3.157,0.963,3.98,2.5302,0.2074,3.4012,1.8833,0.5,18,102
BaLu2F8:Ce,Ce3+,870,,7.287,,,"(van ’t Spijker et al., 1999)",14.1316,5.3552,17.4228,6.828,3.158,0.967,3.98,2.5306,0.2089,3.4012,1.8823,0.5,17.06,102
BaMgF4,CV,1300,,6.949,2.3,23.86,"(Yanagida et al., 2010)",13.7582,6.429,17.4228,4.295,3.02,1.1,3.98,2.2249,-0.1277,3.4012,1.825,0.5,43.5,102
BaP2O6:Eu,Eu2+,1900,1,5.684,,,"(S. Derenzo et al., 2011)",11.9887,8.7299,13.6181,3.722,2.8796,0.911,3.128,1.156,0.5458,1.4611,1.3823,0.6,64.68,101
BaSi2O5:Eu,Eu,30000,2,4.792,,,"(S. Derenzo et al., 2011)",11.2018,7.1747,13.6181,3.608,2.737,1.565,3.44,1.2786,0.9743,1.4611,1.448,0.6,61.36,101
BaSiO3:Eu,Eu2+,8000,0.1,4.542,,,"(S. Derenzo et al., 2011)",10.8436,6.6819,13.6181,4.004,,,,1.1834,0.7669,1.4611,1.6249,0.6,49.502,101
BaY2F8:Ce,Ce3+,980,10,7.273,2.54,8.95,"(van ’t Spijker et al., 1999)",14.263,5.8369,17.4228,4.813,3.196,1.1067,3.98,2.5486,0.275,3.4012,1.9067,0.5,21.9333,102
Bi4Ge3O12 (BGO),Bi3+,8200,,3.562,,,"(I. Holl et al., 1988)",11.3819,7.5486,13.6181,6.825,2.88997,1.947,3.44,1.3158,1.0668,1.4611,1.45,0.6,85.7143,101
Bi4Si3O12 (BSO),Bi3+,2000,,3.988,,,,11.4218,7.6567,13.6181,6.513,2.873,1.9,3.44,1.3406,1.134,1.4611,1.3857,0.6,86.1429,101
Bi4Si3O12:Ce (BSO),Bi3+,1400,0.1,3.988,,,"(Hua et al., 2011)",11.4214,7.6557,13.6181,6.513,2.871,1.896,3.44,1.3805,1.1338,1.4611,1.3859,0.6,86.1114,101
Ca5(PO4)3F:Ce,Ce3+,3200,2.5,5.522,,,"(Zeng et al., 2006)",11.5616,7.7443,13.9107,3.096,2.706,1.001,3.239,1.1128,0.3043,1.6103,1.5009,0.5923,44,101.2
CaBPO5:Ce,Ce3+,1310,0.5,5.323,2.9,10.07,"(Pierron et al., 2003)",11.6232,8.2983,13.6181,3.05,2.808,1.521,3.232,1.0449,0.3513,1.4611,1.2168,0.6,64.0267,101
CaBr2:Eu,Eu2+,39000,8,4.745,3.13,4.52,"(Grippa, Rebrova, Gorbacheva, Pedash, Kosinov, Cherginets, Tarasov, & Tarasenko, 2013)",9.9018,6.0777,11.8138,3.227,2.308,1.004,2.96,2.253,0.0319,3.3636,1.804,1.15,16.16,98
CaF2:Eu,Eu2+,24000,,7.248,2.25,6.14,"(I. Holl et al., 1988)",13.6514,6.1087,17.4228,3.09,2.989,1.006,3.98,2.2763,0.0264,3.4012,1.8005,0.5,16.02,102
CaHfO3:Ce,Ce3+,10000,1,4.485,4.36,27.49,"(S. Derenzo et al., 2011)",10.7573,6.4662,13.6181,6.861,2.524,1.151,3.44,0.9183,0.1042,1.4611,1.6753,0.6,33.01,101
CaI2,SA,86000,,3.898,3.24,2.13,"(Hofstadter et al., 1964)",9.0052,6.11316,10.4513,3.385,2.1067,1,2.66,2.0476,0.0246,3.0591,1.8,1.4,16,97
CaI2:Eu,Eu2+,86000,5,3.898,3.24,2.13,"(Hofstadter et al., 1964)",8.9979,6.091,10.4513,3.385,2.107,1.002,2.66,2.0491,0.0292,3.0591,1.8025,1.4,16.1,97
CaI2:Tl,Tl+,42000,,3.898,3.24,2.13,"(Hofstadter et al., 1964)",9.0051,6.1129,10.4513,3.385,2.109,1.008,2.66,2.0525,0.0394,3.0591,1.801,1.4,16.62,97
CaWO4,CX,14400,,4.35,3.82,8.39,"(Mikhailik et al., 2005)",11.4082,6.9886,13.6181,5.839,2.743,1.35,3.44,1.1142,0.4205,1.4611,1.575,0.6,35.5,101
CdF2,SX,150,,3.07,2.8,6.22,"(R V Jones & J H Pollard, 1962)c",14.6131,8.9938,17.4228,6.029,3.217,1.69,3.98,2.0341,-0.7,3.4012,1.55,0.5,75,102
CdS:Te,Te2- BX,17000,,1.116,6.07,3.91,"(Schotanus et al., 1992)",9.677,8.994,10.36,4.576,2.123,1.69,2.34,0.7019,-0.6732,2.0771,1.5485,1,75.17,94
CdWO4,SA,27000,,3.244,4.83,10.31,"(Moszynski et al., 2004)",11.8883,8.4289,13.6181,7.531,2.858,1.695,3.44,0.9935,0.0582,1.4611,1.45,0.6,65,101
CeBr3,Ce3+,68000,,0.007,,,"(K. S. Shah, n.d.)",10.245,5.5387,11.8138,5.002,2.5,1.12,2.96,2.6728,0.6002,3.3636,1.85,1.15,32,98
CeBr3:Ca,Ce3+,62000,0.2,0.007,,,"(Gusek, n.d.)",10.2453,5.5399,11.8138,5.002,2.499,1.118,2.96,2.6725,0.599,3.3636,1.8499,1.15,31.968,98
CeCl3,Ce3+,46000,,0.011,,,"(E. V. D. van Loef et al., 2000)",11.1104,5.5387,12.9676,3.838,2.65,1.12,3.16,2.8596,0.6002,3.6127,1.85,1,32,99
CeF3,Ce3+,2400,,0,,,"(A. J. Wojtowicz et al., 1992)",14.4518,5.5387,17.4228,6.003,3.255,1.12,3.98,2.701,0.6002,3.4012,1.85,0.5,32,102
CeF3:Lu,Lu3+,8000,5,0,,,"(Víllora et al., 2005)",14.4504,5.5331,17.4228,6.003,3.265,1.119,3.98,2.6964,0.5821,3.4012,1.845,0.5,31.4,102
CeP5O14,Ce3+,4000,,0.575,,,"(Bimberg et al., 1975)",12.4312,9.662,13.6181,3.147,3.012,2.012,3.44,1.2394,0.7222,1.4611,1.1417,0.6,80.3333,101
Cs2BaBr4:Eu,Eu2+,25000,5,4.166,,,"(Bourret-Courchesne, 2012)",8.6111,4.3408,11.8138,4.148,2.047,0.829,2.96,2.0773,0.3621,3.3636,2.445,1.15,10.0667,98
Cs2BaCl4:Eu,Eu2+,30000,5,4.931,,,"(Bourret-Courchesne, 2012)",9.2704,12.9676,12.9676,3.59,2.161,0.829,3.16,2.2196,0.3621,3.6127,2.445,1,10.0667,99
Cs2BaI4:Eu,Eu2+,17000,7,,,,"(Bourret-Courchesne, 2012)",7.8338,4.3439,10.4513,4.5,1.876,0.831,2.66,1.9032,0.3619,3.0591,2.443,1.4,10.0933,97
Cs2HfCl6,SA,30000,,4.259,2.69,4.32,"(Lam et al., 2018)",10.2687,4.871,12.9676,3.562,2.427,0.96,3.16,2.533,0.3737,3.6127,2.25,1,22,99
Cs2LiCeBr6,Ce3+,27000,,0.445,,,"(Cheon et al., 2011)",8.9733,4.7125,11.8138,4.011,2.144,0.92,2.96,2.2343,0.5404,3.3636,2.125,1.15,15,98
Cs2LiCeCl6,Ce3+,22000,,0.476,,,"(G. Rooh, H. J. Kim, et al., 2010)",9.6656,4.7125,12.9676,3.293,2.264,0.92,3.16,2.3838,0.5404,3.6127,2.125,1,15,99
Cs2LiGdBr6:Ce,Ce3+,25000,1,,,,"(H. J. Kim et al., 2012)",9.0206,4.8308,11.8138,4.41,2.152,0.9398,2.96,2.1959,0.4443,3.3636,2.1126,1.15,13.7625,98
Cs2LiGdBr6:Ce,Ce3+,30500,10,,,,"(H. J. Kim et al., 2012)",9.0151,4.8171,11.8138,4.41,2.1512,0.938,2.96,2.1994,0.453,3.3636,2.1138,1.15,13.875,98
Cs2LiGdCl6:Ce,Ce3+,20000,10,2.782,,,"(Rooh et al., 2010)",9.7074,4.8171,12.9676,3.513,2.272,0.9398,3.16,2.3488,0.453,3.6127,2.1138,1,13.875,99
Cs2LiLaBr6:Ce (CLLB),Ce3+,60000,2,3.755,,,"(J. Glodo et al., 2011)",8.9639,4.6889,11.8138,3.941,2.1422,0.916,2.96,2.2301,0.5299,3.3636,2.1373,1.15,15.245,98
Cs2LiLaCl6:Ce (CLLC),Ce3+,35000,2,4.467,,,"(J. Glodo et al., 2011)",9.6562,4.6889,12.9676,3.243,2.262,0.915,3.16,2.3796,0.5299,3.6127,2.1373,1,15.245,99
Cs2LiLuCl6:Ce,Ce3+,7000,0.5,5.422,,,"(Bessière et al., 2006)",9.6412,4.6515,12.9676,3.744,2.252,0.89,3.16,2.3478,0.4505,3.6127,2.1001,1,12.015,99
Cs2LiYBr6:Ce,Ce3+,24700,1,4.053,,,"(Bessiere et al., 2004)",9.0273,4.8475,6.2173,3.96,2.154,0.945,2.96,2.2057,0.4689,3.3636,2.1126,1.15,13.2675,98
Cs2LiYCl6,SA,6535,0,4.962,2.87,10.21,"(Combes et al., 1999)",9.7203,4.8492,12.9676,3.178,2.274,0.945,3.16,2.3549,0.4682,3.6127,2.1125,1,13.25,99
Cs2LiYCl6:Ce (CLYC),Ce3+,12000,0.5,4.962,2.87,10.21,"(E. V. D. van Loef et al., 2005)",9.7199,4.8484,12.9676,3.178,2.264,0.92,3.16,2.355,0.4685,3.6127,2.1126,1,13.2588,99
Cs2LiYCl6:Pr,Pr3+,10000,0.2,4.962,2.87,10.21,"(E. V. D. van Loef et al., 2005)",9.7201,4.8488,12.9676,3.178,2.274,0.945,3.16,2.3548,0.4681,3.6127,2.1125,1,13.253,99
Cs2NaCeBr6,Ce3+,25000,,0.345,,,"(S. Kim et al., 2009)",8.9348,4.6164,11.8138,3.764,2.046,0.95,2.96,2.2273,0.5228,3.3636,2.2125,1.15,14.75,98
Cs2NaCeCl6,Ce3+,20000,,0.422,,,"(Rooh et al., 2009)",9.6271,4.6164,12.9676,3.106,2.156,0.95,3.16,2.3768,3.3636,3.6127,2.2125,1,14.75,99
Cs2NaGdBr6:Ce,Ce3+,36800,10,,,,"(Rooh et al., 2012a)
",8.9898,4.7539,11.8138,4.18,,,,2.1924,0.4355,3.3636,2.2013,1.15,13.625,98
Cs2NaGdBr6:Ce,Ce3+,47000,4,,,,"(Samulon et al., 2014)",8.9935,4.7631,11.8138,4.19,2.147,0.927,2.96,2.19,0.4297,3.3636,2.2005,1.15,13.55,98
Cs2NaGdCl6:Ce,Ce3+,63000,2,3.01,,,"(Samulon et al., 2014)",9.687,4.7661,12.9676,3.315,2.267,0.927,3.16,2.3387,0.4277,3.6127,2.2003,1,13.525,99
Cs2NaLaBr6:Ce,Ce3+,46000,4,3.847,,,"(Gundiah et al., 2014)",8.9385,4.6256,11.8138,3.721,2.137,0.903,2.96,2.2232,0.5126,3.3636,2.2245,1.15,14.99,98
Cs2NaLaCl6:Ce,Ce3+,26400,4,4.638,,,"(Gundiah et al., 2014)",9.6308,4.6256,12.9676,3.061,2.257,0.903,3.16,0.3727,0.5126,3.6127,2.2245,1,14.99,99
Cs2NaLuBr6:Ce,Ce3+,5800,0.5,,,,"(Birowosuto, Dorenbos, Eijk, Krämer, & Güdel, 2006)",8.9236,4.5883,11.8138,,2.127,0.878,2.96,2.1913,0.4329,3.3636,2.1876,1.15,11.765,98
Cs2NaLuCl6:Ce,Ce3+,,,5.513,,,,,,,3.548,2.247,0.878,3.16,,,,,1,,99
Cs2NaLuI6:Ce,Ce3+,,0.5,,,,,,,,,1.947,0.878,2.66,,,,,1.4,,97
Cs2NaYBr6:Ce,Ce3+,9500,0.3,4.249,3.184,0,"(Birowosuto, Dorenbos, Eijk, Krämer, & Güdel, 2006)",9.0025,4.7855,11.8138,3.732,2.149,0.932,2.96,2.1985,0.4508,3.3636,2.2,1.15,13.0035,98
Cs2ZnCl4,CV,1280,,4.541,,,"(Takahashi et al., 2020)",9.8647,5.7273,12.9676,3.159,,,,2.1134,0.1144,3.6127,2.1833,1,30.6667,99
Cs2ZrCl6,SA,25100,,3.692,2.74,8.37,"(Saeki et al., 2016)",10.2475,4.8072,12.9676,3.005,2.434,0.97,3.16,2.5614,0.4588,3.6127,2.25,1,21.6667,99
Cs3CeCl6,Ce3+,19000,,0.046,,,"(Zhuravleva et al., 2011)",9.5026,4.3051,12.9676,3.174,2.249,0.873,3.16,2.3691,0.5038,3.6127,2.4125,1,14,99
Cs3Gd2I9:Ce,Ce3+,2600,1,,,,"(Birowosuto et al., 2007)",8.4403,4.8206,10.4513,4.73,2.0501,0.952,2.66,2.1125,0.4086,3.0591,2.2802,1.4,15.62,97
Cs3GdBr6:Ce,Ce3+,48000,8,,,,"(Samulon et al., 2014)",8.8728,4.4612,11.8138,4.14,2.047,0.951,2.96,2.1931,0.4373,3.3636,2.401,1.15,12.85,98
Cs3GdCl6:Ce,Ce3+,40000,8,0.032,,,"(Samulon et al., 2014)",9.5651,4.4612,12.9676,3.013,2.156,0.951,3.16,2.3425,0.4373,3.6127,2.401,1,12.85,99
Cs3LaBr6,SA,10400,,3.784,,,"(Birowosuto et al., 2007)",8.81414,4.3147,11.8138,3.724,2.123,0.868,2.96,2.2154,0.4931,3.3636,2.425,1.15,14.25,98
Cs3LaBr6:Ce,Ce3+,5800,0.5,3.784,,,"(Birowosuto et al., 2007)",8.81412,4.3146,11.8138,3.724,2.123,0.868,2.96,2.2154,0.4932,3.3636,2.4249,1.15,14.2488,98
Cs3LaBr6:Ce,Ce3+,35000,10,3.784,,,"(H. Wei et al., 2014)",8.8138,4.3137,11.8138,3.724,2.123,0.868,2.96,2.2158,0.4942,3.3636,2.4238,1.15,14.225,98
Cs3LaBr6:Ce,Ce3+,32500,15,3.784,,,"(Gundiah et al., 2014)",8.8136,4.3132,11.8138,3.724,2.123,0.868,2.96,2.216,0.4947,3.3636,2.4231,1.15,14.2125,98
Cs3LaCl6:Ce,Ce3+,20000,20,4.583,,,"(H. Wei et al., 2014)",9.5057,4.3127,12.9676,3.16,2.243,0.869,3.16,2.3657,0.4952,3.6127,2.4225,1,14.2,99
Cs3LaCl6:Ce8%,Ce3+,16000,8,4.583,,,"(Gundiah et al., 2014)",9.5061,4.3139,12.9676,3.16,2.243,0.868,3.16,2.3652,0.494,3.6127,2.424,1,14.23,99
Cs3Lu2I9,SA,4000,,,,,"(Birowosuto et al., 2007)",8.3282,4.5067,10.4513,4.82,2.022,0.874,2.66,2.1017,0.3785,3.0591,2.26,1.4,12.8,97
Cs3Lu2I9:Ce,Ce3+,13600,2,,,,"(Birowosuto et al., 2007)",8.3285,4.5076,10.4513,4.82,2.023,0.875,2.66,2.1038,0.3814,3.0591,2.2608,1.4,12.896,97
Cs3LuI6,SA,1200,,,,,"(Birowosuto et al., 2007)",7.9815,4.2769,10.4513,4.78,1.933,0.843,2.66,1.8406,0.3785,3.0591,2.3875,1.4,11,97
Cs3LuI6:Ce,Ce3+,1400,,,,,"(Birowosuto et al., 2007)",7.9816,4.2772,10.4513,4.78,1.9331,0.8427,2.66,2.0012,0.4143,3.0591,2.3878,1.4,11.03,97
CsBa2Br5:Eu,Eu2+,91800,2,4.395,3.15,4.19,"(Borade et al., 2011)   pilania, 2019",9.1756,4.7785,11.8138,4.219,2.174,0.863,2.96,2.1972,0.2532,3.3636,2.296,1.15,12.0533,98
CsBa2I5:Eu,Eu2+,102000,4,3.81,3.65,5.03,"(Bizarri et al., 2011b)     pilania, 2019",8.3263,4.7846,10.4513,4.9,1.987,0.865,2.66,2.0068,0.2528,3.0591,2.292,1.4,12.1067,97
CsBa2I5:Eu,Eu2+,80000,5,3.81,3.65,5.03,"(Alekhin et al., 2014a)        pilania, 2019 ",8.3274,4.7877,10.4513,4.9,,,,2.0067,0.2527,3.0591,2.29,1.4,12.1333,97
CsBa2I5:In,In3+,35000,0.2,3.81,3.65,5.03,"(Gascón et al., 2014)   pilania, 2019",8.322,4.7732,10.4513,4.5,1.984,0.857,2.66,2.0072,0.2539,3.0591,2.2992,1.4,12.0867,97
CsBa2I5:Na,Na+,33500,1,3.81,3.65,5.03,"(Gascón et al., 2014)      pilania, 2019",8.3215,4.7719,10.4513,4.5,1.9838,0.8571,2.66,2.0081,0.2563,3.0591,2.2977,1.4,11.98,97
CsBa2I5:Tl,Tl+,40000,0.08,3.81,3.65,5.03,"(Gascón et al., 2014)   pilania, 2019",8.3219,4.7729,10.4513,4.5,1.98376,0.8567,2.66,2.0071,0.2537,3.0591,2.2999,1.4,12.0341,97
CsBa2I5:Yb,Yb2+,54000,1,3.81,3.65,5.03,"(Rowe et al., 2013)   pilania, 2019",8.3243,4.7794,10.4513,4.9,1.9843,0.858,2.66,2.0066,0.2525,3.0591,2.2973,1.4,12.02,97
CsBr,CV,20,,4.779,2.5,3.59,"(Shibuya et al., 2010)   ",7.8539,3.8939,11.8138,4.168,1.875,0.79,2.96,1.9176,0.4716,3.3636,2.6,1.15,8,98
CsCaBr3:Eu,Eu2+,28000,8,4.449,2.97,16.85,"(Grippa, Rebrova, Gorbacheva, Pedash, Kosinov, Cherginets, Tarasov, Tarasenko, et al., 2013)",9.0826,4.9858,11.8138,3.563,2.1343,0.8958,2.96,2.1189,0.2518,3.3636,2.202,1.15,12.08,98
CsCaCl3,CV,410,,,2.7,10.5,"(Koshimizu et al., 2014)   pilania, 2019",9.782,5.0035,12.9676,2.9,2254,0.895,3.16,2.2669,0.2481,3.6127,2.2,1,12,99
CsCaCl3:Eu,Eu2+,18000,10,5.33,2.7,10.5,"(Zhuravleva et al., 2012)   pilania, 2019",9.7731,4.9814,12.9676,3,2.255,0.8975,3.16,2.2687,0.2527,3.6127,2.2025,1,12.1,99
CsCaI3:Eu,Eu2+,38500,3,3.95,3.42,5.38,"(Zhuravleva et al., 2012)   pilania, 2019",8.2695,4.9969,10.4513,4.06,1.955,0.8975,2.66,1.935,0.2495,3.0591,2.2008,1.4,12.03,97
CsCe2Br7,Ce3+,35562,,,,,"(Wu et al., 2015)",9.7668,4.9904,11.8138,4,2.375,1.01,2.96,2.5217,0.5573,3.3636,2.1,1.15,24,98
CsCe2Cl7,Ce3+,26000,,,,,"(Zhuravleva et al., 2011)",10.5745,4.9904,12.9676,3.6,2.515,1.01,3.16,2.6961,0.5573,3.6127,2.1,1,24,99
CsGd(PO3)4:Ce,Ce3+,24400,1,3.532,,,"(Zhong et al., 2009)",11.9667,8.6641,13.6181,3.897,2.891,1.792,3.44,1.1782,0.6123,1.4611,1.4001,0.6,65.8417,101
CsGd2F7:Ce,Ce3+,7300,20,,,,"(Schaart et al., 1995)",13.7909,5.3164,17.4228,5.5,3.105,1.063,3.98,2.4859,0.3503,3.4012,2.0733,0.5,21.3333,102
CsGd2F7:Ce,Ce3+,6000,10,,,,"(P. Dorenbos et al., 1992)",13.8031,5.3571,17.4228,5.5,,,,2.4782,0.3244,3.4012,2.07,0.5,21,102
CsI,SX,16800,,4.23,2.69,3.42,,7.1726,3.8939,10.4513,4.249,1.725,0.79,2.66,1.7654,0.4716,3.0591,2,1.4,8,97
CsI:Eu,Eu2+,19100,1,4.23,2.69,3.42,"(I. Holl et al., 1988)",7.1815,3.9117,10.4513,4.249,1.727,0.794,2.66,1.7636,0.468,3.0591,2.5925,1.4,8.1,97
CsI:In,In+,27000,1,4.23,2.69,3.42,"(Gridin et al., 2014)",7.1821,3.9128,10.4513,4.249,1.725,0.79,2.66,1.7649,0.4707,3.0591,2.5895,1.4,8.71,97
CsI:Na,Na+,43080,1,4.23,2.69,3.42,"(Sakai, 1987)",7.1788,3.9064,10.4513,4.249,1.7257,0.7914,2.66,1.7657,0.4724,3.0591,2.592,1.4,8.03,97
CsI:Tl,Tl+,56000,1,4.23,2.69,3.42,"(Sakai, 1987)",7.1837,3.9161,10.4513,4.249,1.7301,0.8001,2.66,1.7646,0.4701,3.0591,2.593,1.4,8.7,97
CsLuP2O7:Ce,Ce3+,8000,0.5,5.187,,,"(Yuan et al., 2007)",11.42,7.5734,13.6181,4.378,2.7501,1.5427,3.44,1.1299,0.5504,1.4611,1.5876,0.6,52.015,101
CsSrBr3:Eu 3%,Eu2+,40000,3,4.558,2.79,5.69,"(Bourret-Courchesne, 2012)",9.0059,4.794,11.8138,3.62,2.1255,0.8738,2.96,2.1233,0.2528,3.3636,2.2978,1.15,11.545,98
CsSrBr3:Eu 5%,Eu2+,31300,5,4.558,2.79,5.69,"(Cherginets et al., 2014)",9.0058,4.7938,11.8138,3.62,2.1243,0.8706,2.96,2.1235,0.2634,3.3636,2.2963,1.15,11.575,98
CsSrCl3:Eu,Eu2+,33400,5,5.314,2.54,6.14,"(Cherginets et al., 2014)",9.6981,4.7938,12.9676,2.96,2.2443,0.8706,3.16,2.273,0.2635,3.6127,2.2963,1,11.575,99
CsSrI3:Eu ,Eu2+,65000,8,3.825,3.22,3.79,"(Yang et al., 2011)",8.1881,4.7934,10.4513,4,1.9445,0.8713,2.66,1.9412,0.2644,3.0591,2.294,1.4,11.62,97
CsY2F7:Ce,Ce3+,1400,0.5,,,,"(Schaart et al., 1995)",13.8281,5.4406,17.4228,,3.1089,1.0763,3.98,2.4906,0.3657,3.4012,2.0668,0.5,19.3567,102
CsYP2O7:Ce,Ce3+,8000,0.5,5.129,,,"(Yuan et al., 2007)",11.4916,7.7703,13.6181,3.437,2.77,1.5974,3.44,1.1368,0.5694,1.4611,1.6401,0.6,53.2588,101
Ga2O3,SA,15000,,2.041,4.15,8.07,"(Yanagida et al., 2016)",10.5706,5.9993,13.6181,5.68,2.82,1.89,3.44,0.9971,0.3012,1.4611,1.3,0.6,81,101
(Gd-Y)3Al5O12:Ce (GYAG),Ce3+,11000,0.5,3.462,,,"(Yanagida et al., 2007)",10.5944,6.0588,13.6181,5.827,2.6476,1.4591,3.44,1.0243,0.3692,1.4611,1.4251,0.6,59.7594,101
Gd2Si2O7:Ce (GPS)  1%,Ce3+,30000,1,2.781,,,"(Kawamura et al., 2007)",11.2652,7.1477,13.6181,5.751,2.7526,1.5496,3.44,1.0966,0.3439,1.4611,1.4503,0.6,56.025,101
Gd2SiO5:Ce (GSO),Ce3+,8000,1,3.084,3.99,13.44,"(Fujimoto et al., 2021)   Pilania 2009",11.0662,6.813,13.6181,6.614,2.687,1.431,3.44,1.0878,0.3067,1.4611,1.567,0.6,46.3667,101
Gd3Al2Ga3O12:Ce,Ce3+,33000,1,,,,"(Iwanowska et al., 2013)",10.5909,6.0501,13.6181,,2.722,1.4911,3.44,0.9975,0.3021,1.4611,1.4627,0.6,60.5188,101
Gd3Al3Ga2O12:Ce,Ce3+,35400,1,,,,"(Chewpraditkul et al., 2019)",10.5902,6.0484,13.6181,,2.6664,1.506,3.44,1.0041,0.3186,1.4611,1.4502,0.6,60.3938,101
Gd3Sc2Al3O12:Ce (GSAG),Ce3+,13500,1,,,,"(Kling et al., 1994)",10.6464,6.1889,13.6181,,2.6214,1.3935,3.44,0.9919,0.2881,1.4611,1.5252,0.6,44.8938,101
GdAlO3:Ce,Ce3+,6000,0.75,3.248,,,"(Dorenbos et al., 1995)",10.597,6.0655,13.6181,7.236,2.6259,1.4047,3.44,1.0062,0.3239,1.4611,1.5002,0.6,53.5188,101
GdB3O6:Ce,Gd3+,200,1,2.768,,,"(Knitel et al., 2000)",11.2746,7.7594,13.6181,4.688,2.796,1.83,3.44,0.9822,0.2638,1.4611,1.0876,0.6,71.2625,101
GdBO3:Ce,Ce3+,10000,1,2.053,,,"(Knitel et al., 2000)",11.0592,7.2209,13.6181,6.199,2.7118,1.6196,3.44,0.9758,0.2478,1.4611,1.3253,0.6,56.525,101
GdBr3:Ce,Ce3+,44000,2,2.208,,,"(van Loef et al., 2001)",10.3948,6.1376,11.8138,3.947,2.5198,1.1992,2.96,2.5776,0.2198,3.3636,1.801,0.6,27.1,98
GdCl3:Ce,Ce3+,38000,1,2.006,,,"(Grippa et al., 2010)",11.2617,6.1437,12.9676,4.34,2.6698,1.1992,3.16,2.7635,0.2159,3.6127,1.8005,0.6,27.05,99
GdI3:Ce,Ce3+,62700,2,,,,"(Bhandari et al., 2013), (J. Glodo et al., 2006)",9.3728,6.1376,10.4513,5.2,2.2948,1.1992,2.66,2.3493,0.2198,3.0591,1.801,0.6,27.1,97
GdOBr:Ce,Ce3+,23000,0.5,0.077,,,"(S. Derenzo et al., 2011)",10.5262,6.1468,12.7159,6.276,,,,1.6796,0.2139,2.4124,1.8003,0.875,27.025,99.5
GdOCl:Ce,Ce3+,20000,0.5,2.978,4.55,14.35,"(S. Derenzo et al., 2011)",10.9108,6.1468,13.2928,6.518,,,,1.7626,0.2139,2.5369,1.8003,0.8,27.025,100
GdOI:Ce,Ce3+,7000,2,0.356,,,"(S. Derenzo et al., 2011)",10.069,6.1376,12.0347,6.999,,,,1.58,0.2198,2.2601,1.801,1,27.1,99
HfO2  :Eu,Eu,31000,2.5,4.068,4.81,13.94,"(LeLuyer et al., 2008)",11.3441,6.7962,13.6181,9.968,2.7266,1.3,3.44,1.0329,0.1765,1.4611,1.5575,0.6,49.2,101
K2BaI4:Eu,Eu2+,63000,7,,,,"(Stand et al., 2016)",7.9615,4.6417,10.4513,,1.8845,0.8506,2.66,1.9117,0.3819,3.0591,2.1763,1.4,11.4267,97
K2CeBr5,Ce3+,50000,,0.175,,,"(Hawrami et al., 2008)",9.1611,4.74,11.8138,3.757,2.195,0.9199,2.96,2.3027,0.5344,3.3636,2.0833,1.15,17.3333,98
K2CeCl5,Ce3+,30000,,0.322,,,"(Roy et al., 2007)",9.8823,4.74,12.9676,2.758,2.32,0.9199,3.16,2.4583,0.5344,3.6127,2.0833,1,17.3333,99
K2LaBr5:Ce,Ce3+,40000,10,3.386,,,"(van Loef et al., 2005)",9.1654,4.7515,11.8138,3.681,2.1928,0.914,2.96,2.2979,0.5216,3.3636,2.0983,1.15,17.6333,98
K2LaCl5:Ce,Ce3+,23000,10,4.149,,,"(van Loef et al., 2005)",9.8866,4.7515,12.9676,2.778,2.3178,0.914,3.16,2.4536,0.5216,3.6127,2.0983,1,17.6333,99
K2LaI5:Ce,Ce3+,53000,10,2.753,3.88,6.41,"(van Loef et al., 2005)   pilania 2019",8.3138,4.7515,10.4513,4.127,1.9049,0.961,2.66,2.1076,0.5216,3.0591,2.0983,1.4,17.6333,97
K2YF5,CV,510,,6.81,,,"(Dorenbos et al., 1993)",12.7516,4.9662,17.4228,3.211,2.84,0.94,3.98,2.29,0.4381,3.4012,2.0667,0.5,15,102
K2YF5:Pr,Pr3+,6900,2,6.81,,,"(P. Dorenbos et al., 1992)",12.7497,4.9613,17.4228,3.211,2.8448,0.9527,3.98,2.2895,0.4368,3.4012,2.067,0.5,15.04,102
K3Lu(PO4)2:Ce,Ce3+,26500,1,4.95,,,"(Wisniewski et al., 2004)",10.5976,6.5704,13.6181,3.766,2.5258,1.3069,3.44,1.0664,0.54,1.4611,1.7252,0.6,38.3533,101
Kba2I5:Eu,Eu2+,90000,4,3.716,3.67,5.73,"(Stand et al., 2016)  Pilania 2009",8.3821,4.9336,10.4513,4.224,1.9906,0.8749,2.66,2.0105,0.2628,3.0591,2.1587,1.4,12.7733,97
KCaI3:Eu,Eu2+,58000,0.5,3.604,3.43,5.22,"(Loyd et al., 2019)   Pilania 2009",8.3611,5.2258,10.4513,3.626,1.961,0.912,2.66,1.9408,0.2633,3.0591,2.0001,1.4,13.005,97
KGd(PO3)4:Ce,Ce3+,14100,1,3.257,,,"(Zhong et al., 2009)",11.9915,8.7385,13.6181,3.391,2.8922,1.7965,3.44,1.1798,0.6173,1.4611,1.3334,0.6,66.175,101
KI:Tl,Tl+,9700,,4.043,2.8,3.09,"(I. Holl et al., 1988)",7.4048,4.3583,10.4513,2.972,1.735,0.81,2.66,1.7794,0.4997,3.0591,2.197,1.4,10.68,97
KLuF4,CV,170,,,,,"(Dorenbos et al., 1993)",13.243,4.8833,17.4228,5.2,2.9533,0.9,3.98,2.3909,0.3702,3.4012,1.975,0.5,15,102
KLuP2O7:Ce,Ce3+,16000,0.5,5.122,,,"(Yuan et al., 2007)",11.4606,7.6851,13.6181,3.776,2.7528,1.5502,3.44,1.133,0.5588,1.4611,1.4876,0.6,52.515,101
KMgF3,CV,3500,,6.954,2.06,4.87,"(Dorenbos et al., 1993)",12.8511,5.9935,17.4228,3.002,3.002,1.055,3.98,2.061,0.0508,3.4012,1.85,0.5,41.5,102
Ksr2Br5:Eu5%,Eu2+,75000,5,4.252,3.19,5.07,"(Stand et al., 2015)   Pilania 2009",9.3496,5.2426,11.8138,3.748,3.748,0.915,2.96,2.1788,0.204,3.3636,2.0617,1.15,13.4333,98
Ksr2I5:Eu4%,Eu2+,88000,4,3.649,3.76,6.43,"(Stand et al., 2019)  Pilania 2009",8.4981,5.2428,10.4513,4.234,2.005,0.9133,2.66,1.9883,0.2036,3.0591,2.0627,1.4,13.4133,97
KSr2Br0.10I4.90:Eu 4%,Eu2+,97900,4,3.649,,,"(Stand et al., 2019)",8.5151,5.2428,10.4785,4.39,,,,1.9921,0.2036,3.0652,2.0627,1.395,13.4133,97.02
KSr2I5:Eu,Eu2+,77200,2.5,3.649,3.76,6.43,"(Stand et al., 2020)  Pilania 2009",8.4982,5.2431,10.4513,4.234,,,,1.9881,0.203,3.0591,2.0642,1.4,13.3833,97
KYF4:Rb,CV,1800,,6.91,,,"(Dorenbos et al., 1993)",13.3715,5.2688,17.4228,3.355,2.99,1.01,3.98,2.4032,0.4073,3.4012,2,0.5,17.42,102
KYP2O7:Ce,Ce3+,10000,0.5,5.082,,,"(Yuan et al., 2007)",11.5322,7.882,13.6181,2.819,2.7727,1.6049,3.44,1.1396,0.5769,1.4611,1.5001,0.6,53.7588,101
La2Hf2O7:Ti,Ti4+,13000,2,4.233,4.6,26.19,"(Ji et al., 2005)",10.9229,6.2063,13.6181,7.857,2.7585,1.1683,3.44,1.0618,0.363,1.4611,1.725,0.6,41.68,101
LaB3O6:Ce,Ce3+,7700,0.05,4.6,,,"(Knitel et al., 2000)",11.2179,7.6177,13.6181,4.105,2.786,1.805,3.44,1.0164,0.3492,1.4611,1.1124,0.6,71.7488,101
LaBO3:Ce,Ce3+,600,1,4.045,3.81,12.67,"(Knitel et al., 2000)",10.9457,6.9373,13.6181,5.008,,,,1.0442,0.4189,1.4611,1.3748,0.6,59.495,101
LaBr(3-x)I(x):Ce,Ce3+   x=0.75,42000,5,,,,"(Birowosuto et al., 2008)",9.9986,5.575,11.4732,5.47,2.439,1.101,2.885,2.6055,0.5597,3.2875,1.8975,1.2125,32.95,97.75
LaBr(3-x)I(x):Ce,Ce3+   x=1.5,55000,5,,,,"(Birowosuto et al., 2008)",9.7432,5.575,11.1325,5.51,2.3828,1.101,2.81,2.5485,0.5597,3.2114,1.8975,1.275,32.95,97.5
LaBr(3-x)I(x):Ce,Ce3+   x= 2.25,22000,5,,,,"(Birowosuto et al., 2008)",9.4877,5.575,10.7919,5.6,2.3265,1.101,2.735,2.4914,0.5597,3.1352,1.8975,1.3546,32.95,97.25
LaBr3:Pr,Pr3+,74500,1,2.927,4.4,6.12,"(J. Glodo, R. Farrell, et al., 2005)   Pilania 2009",10.2543,5.5759,11.8138,4.872,2.3401,1.1003,2.96,2.661,0.5531,3.3636,1.8995,1.15,32.98,98
LaBr3:Ce,Ce3+,60000,0.5,2.927,4.4,6.12,"(K. S. Shah et al., 2004)  Pilania 2009",10.2545,5.5767,11.8138,4.872,2.495,1.1001,2.96,2.6622,0.5578,3.3636,1.8998,1.15,32.995,98
LaBr3:Ce,Ce3+,74000,5,2.927,4.4,6.12,"(J. Glodo, W. W. Moses, et al., 2005)  Pilania 2009",10.2541,5.575,11.8138,4.872,2.4953,1.101,2.96,2.6626,0.5597,3.3636,1.8975,1.15,32.95,98
LaBr3:Ce,Ce3+,80165,20,2.927,4.4,6.12,"(Higgins et al., 2006)   Pilania 2009",10.2527,5.5693,11.8138,4.872,,,,2.6642,0.5661,3.3636,1.89,1.15,32.8,98
LaCl3,SX,34000,,3.67,3.74,6.48,,11.12,5.5769,12.9676,3.719,2.645,1.1,3.16,2.8489,0.5576,3.6127,1.9,1,33,99
LaCl3:Ce,Ce3+,50000,10,3.67,3.74,6.48,"(Higgins et al., 2006)",11.119,5.5731,12.9676,3.719,2.6455,1.102,3.16,2.85,0.5619,3.6127,1.895,1,32.9,99
LaCl3:Ce,Ce3+,40000,0.5,3.67,3.74,6.48,"(Guillot-Noël et al., 1999)",11.1199,5.5767,12.9676,3.719,,,,2.849,0.5578,3.6127,1.8998,1,32.995,99
LaI3:Ce,Ce3+,16000,0.5,2.071,4.55,4.13,"(Bessiere et al., 2005)",9.2326,5.5767,10.4513,4.888,2.2701,1.1002,2.66,2.4338,0.5578,3.0591,1.8998,1.4,32.995,97
LaMgB5O10:Ce,Ce3+,1300,0.05,4.745,,,"(Knitel et al., 2000)",11.229,7.8162,13.6181,3.847,2.7653,1.8014,3.44,0.951,0.2223,1.4611,1.0929,0.6,76.5714,101
LaNb5O14,SA,750,,2.154,,,"(S. Derenzo et al., 2011)",11.5012,6.5619,13.6181,5.398,2.863,1.5167,3.44,1.28,0.8574,1.4611,1.525,0.6,49.6667,101
LaNbO4,SA,11000,,3.94,4.75,13.45,"(S. Derenzo et al., 2011)",11.1347,6.1679,13.6181,5.64,2.7433,1.35,3.44,1.2199,0.7375,1.4611,1.525,0.6,43,101
LaOBr:Ce,Ce3+,3000,1,3.735,4.14,9.95,"(S. Derenzo et al., 2011)",10.3361,5.5765,12.7159,5.9,,,,1.7942,0.558,2.4124,1.8995,0.875,32.99,99.5
LaOI:Ce,Ce3+,2000,2,3.281,4.47,8.29,"(S. Derenzo et al., 2011)",9.8819,5.5761,12.0347,5.532,,,,1.6929,0.558,2.2601,1.899,1,32.98,99
LaSCl:Ce,Ce3+,650,10,2.456,,,"(S. Derenzo et al., 2011)",9.6336,5.5731,11.6638,3.944,2.2807,1.102,2.87,2.0839,0.5619,2.8449,1.895,1,32.9,96.5
LaScO3:Ce,Ce3+,900,1,3.897,5.01,29.39,"(S. Derenzo et al., 2011)",10.5984,6.069,13.6181,5.67,2.556,1.23,3.44,1.0242,0.3687,1.4611,1.7498,0.6,25.995,101
Li2CaSiO4:Ce,Ce3+,7800,0.5,5.487,3.05,7.28,"(Pierron et al., 2003)",9.9397,6.2614,13.6181,2.862,2.3278,1.2152,3.44,1.0622,0.6633,1.4611,1.4501,0.6,31.27,101
Li2NaYBr6:Ce,Ce3+,12400,,,,,,9.3016,5.5333,11.8138,,2.3069,1.0273,3.16,,,,1.6251,1.15,15.0175,98
Li3TaO4,SA,30000,,4.54,,,"(S. Derenzo et al., 2011)",9.7746,5.9312,13.6181,5.701,2.275,1.11,3.44,1.0035,0.5458,1.4611,1.45,0.6,22,101
Li3YCl6:Ce,Ce3+,3305,,,,,"(Combes et al., 1999)",10.0192,5.5964,12.9676,2.45,,,,2.3845,0.5421,3.6127,1.5376,1,15.2675,99
Li6Gd(BO3)3:Ce,Ce3+,14000,1,0.131,,,"(Knitel et al., 2000)",9.7869,6.3388,13.6181,3.154,,,,0.9428,0.4764,1.4611,1.3051,0.6,35.705,101
Li6Y(BO3)3:Ce,Ce3+,1200,1,4.74,,,"(Knitel et al., 2000)",9.7904,6.3455,13.6181,2.616,,,,0.948,0.4862,1.4611,1.3051,0.6,35.507,101
LiBaF3,SX,1600,,6.572,2.67,12.11,"(Knitel et al., 1996)",12.5744,5.3017,17.4228,5.021,2.762,0.935,3.98,2.1933,0.3814,3.4012,1.8,0.5,13,102
LiCa2I5,Eu2+,90000,3,,,,"(L. Soundara-Pandian et al., 2016)",8.73,5.8612,10.4513,,2.035,0.9933,2.66,1.996,0.2243,3.0591,1.6833,1.4,14.7067,97
LiCaPO4:Ce,Ce3+,5900,0.5,5.18,2.75,7.29,"(Pierron et al., 2003)",10.923,7.3296,13.6181,2.764,2.5616,1.3904,3.44,1.0338,0.4641,1.4611,1.4168,0.6,39.36,101
LiGd(PO3)4:Ce,Ce3+,2600,10,3.471,,,"(Zhong et al., 2009)",12.0499,8.9137,13.6181,3.407,2.9011,1.8232,3.44,1.1863,0.6367,1.4611,1.2084,0.6,66.5083,101
LiGdCl4,,36000,,0.943,,,"(Y. D. Porter-Chapman et al., 2009)",10.5687,5.7708,12.9676,3.602,2.47,1.01,3.16,2.5468,0.4151,3.6127,1.625,1,19.5,99
LiGdCl4:Ce,Ce3+,64600,20,0.943,,,"(Y. D. Porter-Chapman et al., 2009)",10.5483,5.7097,12.9676,3.602,2.4673,1.082,3.16,2.5598,0.4539,3.6127,1.63,1,20,99
LiLuF4:Ce,Ce3+,3600,1,7.764,,,"(Yanagida et al., 2011)",13.4183,5.4094,17.4228,6.111,2.9835,0.9906,3.98,2.4109,0.4303,3.4012,1.6005,0.5,16.06,102
LiSr2Br5:Eu,Eu2+,32000,3,,,,"(L. Soundara-Pandian et al., 2016)",9.4811,5.5933,11.8138,,,,,2.193,0.2421,3.3636,1.8137,1.15,14.06,98
LiSr2I5,Eu2+,60000,3,,,,"(L. Soundara-Pandian et al., 2016)",8.6295,5.5933,10.4513,,,,,2.0027,0.2421,3.0591,1.8137,1,14.06,97
Lu0.8Gd1.2SiO5:Ce,Ce3+,29000,1,,,,"(Yawai et al., 2017)",10.9945,6.622,13.6181,,2.6571,1.3522,3.44,1.1435,0.6142,1.4611,1.5535,0.6,44.5,101
Lu(x)Gd(1-x)I3:Ce,Ce3+,78400,0.5,,,,"(Glodo, n.d.)",9.2842,5.7829,10.4513,5.2,2.2596,1.0584,2.66,2.3526,0.2329,3.0591,1.7765,1.4,23.67,97
Lu(x)Y(1-x)I3:Ce,Ce3+,46000,0.5,,,,"(Glodo, n.d.)",9.2924,5.8159,10.4513,,2.261,1.064,2.66,2.3647,0.2816,3.0591,1.7765,1.4,22.69,97
Lu1.8Y0.2SiO5:Ce,Ce3+,32000,10,,,,"Mao et al., 2013",11.6783,6.8289,13.6181,6.2,,,,1.1493,0.6296,1.4611,1.537,0.6,42.08,101
Lu2O3,SA,200,,4.031,,,"(Futami et al., 2013)",10.3412,5.4259,13.6181,9.495,,,,0.9722,0.2388,1.4611,1.75,0.6,20,101
Lu2S3:Ce,Ce3+,28000,0.5,2.664,6.1,9.45,"(van’t Spijker et al., 1998)    Pilania 2019",8.3866,5.4264,10.36,6.199,1.95,1.006,2.58,1.3425,0.2406,2.0771,1.7505,1,20.06,94
Lu2Si2O7:Ce (LPS),Ce3+,23000,1,4.849,3.39,6.77,"(Pauwels et al., 2000)",11.1349,6.7893,13.6181,6.158,2.7166,1.4506,3.44,1.2265,0.816,1.4611,1.4255,0.6,52.56,101
Lu2SiO5:Ce (LSO),Ce3+,30900,0.1,4.685,3.41,10.58,"(Koschan et al., n.d.)  Pilania 2019",10.8867,6.3345,13.6181,7.315,2.6377,1.3004,3.44,1.1467,0.6226,1.4611,1.5334,0.6,41.6747,101
Lu2SiO5:Ce/Ca (LSO),Ce3+,26400,10.1,4.685,3.41,10.58,"(Moszynski et al., 1997) Pilania 2019",10.8869,6.335,13.6181,7.315,2.6377,1.3004,3.44,1.1466,0.6225,1.4611,1.5334,0.6,41.672,101
Lu3Al5O12:Ce (LuAG),Ce3+,12500,0.1,5.036,3.56,13.5,"(Mares et al., 2005)  Pilania 2019",10.4812,5.7759,13.6181,6.606,2.617,1.384,3.44,1.0207,0.3602,1.4611,1.4063,0.6,57.5045,101
Lu3Al5O12:Pr,Pr3+,16900,0.2,5.036,3.56,13.5,"(Talik et al., 2017)  Pilania 2019",10.4812,5.7758,13.6181,6.606,,,,1.0206,0.36,1.4611,1.4063,0.6,57.5083,101
Lu3Al5O12:Pr,Pr3+,20000,0.1,5.036,3.56,13.5,"(Ogino et al., 2006)   Pilania 2019",10.4812,5.7758,13.6181,6.606,2.6166,1.3814,3.44,1.0207,0.36,1.4611,1.4063,0.6,57.5041,101
LuAlO3:Ce (LuAP),Ce3+,11200,0.11,5.743,4.15,18.02,"(Moszynski et al., 1997)  Pilania 2019",10.4532,5.7059,13.6181,8.216,2.587,1.308,3.44,1.0111,0.336,1.4611,1.4751,0.6,50.006,101
LuBr3:Ce,Ce3+,29000,0.02,3.096,,,"(van Loef et al., 2003)",10.2168,5.4259,11.8138,3.975,2.4627,1.001,2.96,2.5824,0.2389,3.3636,1.75,1.15,20.024,97
LuCl3:Ce,Ce3+,6700,10,3.853,,,"(van Loef et al., 2003)",11.085,5.4371,12.9676,3.103,2.6201,1.001,3.16,2.7783,0.2749,3.6127,1.76,1,21.2,99
LuF3:Ce,Ce3+,8000,,6.314,,,"(Birowosuto & Dorenbos, 2009)",14.4239,5.427,17.4228,8.3,3.2352,1.001,3.98,2.6115,0.2424,3.4012,1.751,0.5,20.12,102
LuI3:Ce,Ce3+,50000,5,2.182,,,"(K. S. Shah et al., 2003)",9.1963,5.4315,10.4513,4.348,,,,2.3585,0.2569,3.0591,1.755,1.4,20.6,97
LuI3:Ce2%,Ce3+,115000,2,2.182,,,"(Glodo et al., 2008)",9.1955,5.4281,10.4513,4.348,2.2456,1.0024,2.66,2.3558,0.246,3.0591,1.752,1.4,20.24,97
LuOBr:Ce0.5%,Ce3+,5000,0.5,4.425,,,"(S. Derenzo et al., 2011)",10.2861,5.4264,12.7159,7.26,,,,1.6884,0.2406,2.4124,1.7505,0.875,20.06,99.5
LuOI:Ce1%,Ce3+,4000,1,3.302,,,"(S. Derenzo et al., 2011)",9.8321,5.427,12.0347,7.16,,,,1.5875,0.2424,2.2601,1.751,1,20.12,99
LuScBO3:Ce1%,Ce3+,4200,1,,,,"(Yanagida et al., 2011)",10.1901,6.7622,13.6181,,,,,0.8475,0.2338,1.4611,1.4003,0.6,41.7067,101
MgSr2Si2O7:Eu,Eu2+,4000,2,4.536,2.84,5.9,"(S. Derenzo et al., 2011)",10.8887,7.0677,13.6181,3.564,2.5917,1.404,3.44,1.0595,0.4972,1.4611,1.5388,0.6,54.624,101
Na2Gd2B2O7:Ce,Ce3+,6000,2,3.061,,,"(S. Derenzo et al., 2011)",10.3443,6.5249,13.6181,5.191,2.4936,1.3895,3.44,0.9479,0.3491,1.4611,1.4837,0.6,41.3667,101
NaBaPO4:Eu,Eu2+,20000,0.5,4.172,,,"(S. Derenzo et al., 2011)",10.7589,6.9466,13.6181,3.864,2.5388,1.3372,3.44,1.0405,0.4797,1.4611,1.6495,0.6,38.34,101
NaGd(PO3)4:Ce,Ce3+,21000,10,3.45,,,"(Zhong et al., 2007)",12.0328,8.8624,13.6181,3.45,2.8982,1.8147,3.44,1.181,0.6207,1.4611,1.2675,0.6,66.4167,101
NaGd(PO3)4:Ce1%,Ce3+,11100,1,3.45,,,"(Zhong et al., 2009)",12.0359,8.8716,13.6181,3.45,2.8983,1.8149,3.44,1.1787,0.6139,1.4611,1.2668,0.6,66.3417,101
NaGdCl4,,2400,,0,,,"(Y. D. Porter-Chapman et al., 2009)",10.5266,5.6444,12.9676,3.328,2.4617,1.065,3.16,2.5351,0.38,3.6127,1.8,1,19,99
NaGdCl4:Ce,Ce3+,39400,20,0,,,"(Y. D. Porter-Chapman et al., 2009)",10.5062,5.5833,12.9676,3.328,2.459,1.057,3.16,2.5481,0.4188,3.6127,1.805,1,19.5,99
NaI:Tl,Tl+,45000,1,3.569,3.33,5.03,"(Sakai, 1987)",7.8,5.1488,10.4513,3.572,1.7994,0.9387,2.66,1.8024,0.5456,3.0591,1.801,1.4,11.67,97
NaI(pure),SX,44000,,3.569,3.33,5.03,"(Moszyński et al., 2002)",7.7952,5.1391,10.4513,3.572,,,,1.8035,0.5479,3.0591,1.8,1.4,11,97
NaLaSiO4:Ce,Ce3+,5000,5,4.458,,,"(S. Derenzo et al., 2011)",10.4769,6.2886,13.6181,4.428,2.5273,1.3103,3.44,1.1917,0.8324,1.4611,1.5992,0.6,42.9833,101
NaLuP2O7:Ce,Ce3+,6000,0.5,5.376,,,"(Yuan et al., 2007)",11.5332,7.8847,13.6181,4.01,2.7628,1.5777,2.66,1.1372,0.5704,1.4611,1.3876,0.6,52.765,101
PbCO3,Pb2+,680,,3.341,,,"(Moses, Derenzo, Levy, et al., 1991)",11.9062,9.3385,13.6181,6.272,2.934,2.175,3.44,1.2004,0.8094,1.4611,1.25,0.6,88.5,101
Rb 2 LiGdCl6:Ce,P,18500,10,2.819,,,"(Rooh et al., 2013)",9.7641,4.9587,12.9676,3.119,,,,2.3517,0.4602,1.4611,1.9888,1,14.375,99
PbFCl,Pb2+,1700,,2.761,4.52,62.87,"(Jianming Chen et al., 2004)",12.6024,7.4166,15.1952,5.4,2.98,1.8,3.57,2.4569,0.3567,3.507,1.8,0.75,82,100.5
PbI2,d-a,40000,,2.413,5.38,12.31,"(S. E. Derenzo et al., 2013)",9.4397,7.4166,10.4513,5.12,2.3733,1.8,2.66,2.1583,0.3567,3.0591,1.8,1.4,82,101
PbSO4,Pb2+,3200,,4.054,,,"(Moses, Derenzo, & Shlichta, 1991)",12.0415,8.8883,13.6181,6.002,3.0233,2.19,3.44,1.3797,1.2169,1.4611,1.4,0.6,88,101
PbWO4,CX,300,,3.656,4.7,22.62,"(Kobayashi et al., 1993)",11.6255,7.6403,13.6181,7.922,2.8767,1.75,3.44,1.1696,0.5865,1.4611,1.575,0.6,68.5,101
PbWO4:Pr,Pr3+,250,1,3.656,4.7,22.62,"(Nikl et al., 2008)",11.6222,7.6306,13.6181,7.922,2.8756,1.7467,3.44,1.1692,0.5853,1.4611,1.5753,0.6,68.245,101
PrBr3:Ce,Ce3+,21000,20,3.43,,,"(Birowosuto, Dorenbos, Eijk, Krämer, & Gudel, 2006)",10.2319,5.4861,11.8138,5.032,2.502,1.128,2.96,2.5746,0.2074,3.3636,1.85,1.15,31.2,98
PrBr3,Pr3+,16000,,3.43,,,"(Birowosuto, n.d.)",10.2286,5.473,11.8138,5.032,3.2675,1.13,3.98,2.55,0.1092,3.3636,1.85,1.15,31,98
Rb2CeBr5,Ce3+,34000,,0.32,,,"(S. Kim et al., 2009)",9.1203,4.631,11.8138,4.014,2.195,0.92,2.96,2.2988,0.524,3.3636,2.1833,1.15,16.6667,98
Rb2LiCeBr6,Ce3+,33000,,0.445,,,"(G. Rooh, H. Kim, et al., 2010)",9.0168,4.8212,11.8138,3.682,2.15,0.935,2.96,2.2371,0.5475,3.3636,2,1.15,15.5,98
Rb2LiCeCl6,Ce3+,23100,,0.476,,,"(Rooh et al., 2012b)",9.7091,4.8212,12.9676,2.897,2.27,0.935,3.16,2.3866,0.5475,3.6127,2,1,15.5,99
Rb2LiLaBr6:Ce,Ce3+,33000,1,,,,"(Birowosuto, n.d.)",9.0205,4.8306,11.8138,,2148,0.93,2.96,2.233,0.537,3.3636,2.0124,1.15,15.7475,98
Rb2LiYBr6:Ce,Ce3+,23000,0.5,4.038,,,"(Birowosuto, n.d.)",9.0843,4.99,11.8138,3.623,2.16,0.9599,2.96,2.2084,0.4757,3.3636,1.9876,1.15,13.7588,98
Rb2LiYBr6:Ce,Ce3+,16000,0.1,4.038,,,"(Birowosuto, n.d.)",9.0845,4.9907,11.8138,3.623,,,,2.2083,0.4754,3.3636,1.9875,1.15,13.7518,98
Rb 2 LiGdBr6: Ce,Ce3+,25500,5,,,,"(Rooh et al., 2016)",9.0748,4.9663,11.8138,,,,,2.2003,0.4553,3.3636,1.9881,1.15,14.3125,98
Rb2LiYI6:Ce,Ce3+,11000,0.5,3.007,,,"(Birowosuto, n.d.)",8.2667,4.99,10.4513,3.933,1.98,0.9599,2.66,2.0257,0.4757,3.0591,1.9876,1.4,13.7588,97
RbF,CV,1700,,5.652,2.06,5.23,,10.8,4.1771,17.4228,3.671,2.4,0.82,3.98,1.9436,0.4859,3.4012,2.35,0.5,9,102
RbGd2Br7:Ce,Ce3+,56000,10,,,,"(K. Shah et al., 2002)",9.9051,5.4515,11.8138,4.8,,,,2.4533,0.3292,3.3636,1.9867,1.15,21.3333,98
RbLuP2O7:Ce,Ce3+,1300,0.5,5.094,,,"(Yuan et al., 2007)",11.4458,7.6442,13.6181,4.082,2.7528,1.5502,3.44,1.1316,0.5549,1.4611,1.5251,0.6,52.265,101
RbYP2O7:Ce,Ce3+,7000,0.5,5.022,,,"(Yuan et al., 2007)",11.5173,7.8411,13.6181,3.119,2.7727,1.6049,3.44,1.1381,0.573,1.4611,1.5376,0.6,53.5088,101
Sc2O3,SA,16200,,3.814,,,"(Futami et al., 2013)",10.7954,6.5615,13.6181,3.751,2.608,1.36,3.44,0.9484,0.1794,1.4611,1.6,0.6,19,101
ScBO3:Ce,Ce3+,6500,1,4.174,3.9,11.61,"(Knitel et al., 2000)",11.1407,7.4246,13.6181,3.347,2.7438,1.6994,3.44,0.9693,0.2317,1.4611,1.2263,0.6,52.565,101
Sr5(PO4)3F:Ce,Ce3+,340,20,5.212,,,"(Zeng et al., 2006)",11.458,7.4723,13.9107,3.985,2.7044,1.4416,3.4815,1.142,0.3811,1.6103,1.6063,0.58,45.25,101.0769
SrAl2O4:Ce,Ce3+,3900,1,4.153,,,"(Nakauchi et al., 2016)",10.3053,5.8883,13.6181,3.442,2.5615,1.3901,3.44,0.9668,0.3077,1.4611,1.4662,0.6,59.39,101
SrBr2:Eu,Eu2+,13300,0.1,4.47,3.08,3.79,"(Kimura et al., 2020)",9.7741,5.6948,11.8138,3.756,2.2901,0.9503,2.96,2.2598,0.0522,3.3636,1.9999,1.15,15.003,98
SrBrI:Eu,Eu2+,47000,5,,,,"(Bourret-Courchesne, 2012)",9.3196,5.6936,11.1325,4.9,2.1942,0.9625,2.81,2.1593,0.0553,3.2114,1.9925,1.275,15.15,97.5
SrClI:Eu,Eu2+,70000,5,3.764,,,"(Bourret-Courchesne et al., 2012)",9.7042,5.6936,11.7095,4.187,2.2608,0.9625,2.91,2.2424,0.0553,3.3359,1.9925,1.2,15.15,98
SrHfO3:Ce,Ce3+,40000,1,4.177,4.36,28.3,"(Van Loef et al., 2007)",10.6745,6.2592,13.6181,7.509,2.5143,1.1259,3.44,0.9238,0.1178,1.4611,1.7743,0.6,32.515,101
SrI2,SA,38000,,3.81,3.65,4.01,"(Cherepy et al., 2009)",8.8658,5.6949,10.4513,3.776,2.09,0.95,2.66,2.0568,0.0521,3.0591,2,1.4,15,97
SrI2:Eu5%,Eu2+,120000,5,3.81,3.65,4.01,"(Van Loef et al., 2009)",8.8654,5.6936,10.4513,3.776,2.094,0.9625,2.66,2.0578,0.0553,3.0591,1.9925,1.4,15.15,97
SrI2:Eu6%,Eu2+,115000,6,3.81,3.65,4.01,"(Hawrami et al., 2013)",8.8653,5.6934,10.4513,3.776,2.095,0.965,2.66,2.0581,0.0559,3.0591,1.991,1.4,15.15,97
SrI2:Yb,Yb2+,38400,0.5,3.81,3.65,4.01,"(Alekhin et al., 2014b)",8.8667,5.6977,10.4513,3.776,2.0904,0.9513,2.66,2.0567,0.0517,3.0591,1.7505,1.4,15.01,97
Tl2GdCl5:Ce,Ce3+,53000,5,,,,"(Khan et al., 2018)",10.3967,6.1119,12.9676,5.1,2.5745,1.5987,3.16,2.3669,0.2905,3.6127,1.8675,1,61.0833,99
Tl2HfCl6,SA,32000,,,,,"(Vuong et al., 2019)",10.7608,6.3472,12.9676,,2.6511,1.6333,3.16,2.4994,0.2727,3.6127,1.7833,1,68.6667,99
Tl2LaCl5:Ce,Ce3+,76000,3,,,,"(Khan et al., 2020)",10.3288,5.9307,12.9676,5.31,2.5626,1.5668,3.16,2.4078,0.3997,3.6127,1.8995,1,62.99,99
Tl2LiYCl6:Ce,Ce3+,25000,5,,,,"(Hawrami et al., 2017)",10.1597,5.9479,12.9676,4.58,2.4759,1.4498,3.16,2.326,0.396,3.6127,1.7631,1,48.3375,99
Tl2ZrCl6,SA,35000,,,,,"(Hawrami et al., 2020)",10.7396,6.2834,12.9676,,2.6544,1.6433,3.16,2.5277,0.3577,3.6127,1.7833,1,68.3333,99
TlCaCl3,Intrinsic,30600,,4.208,3.33,10.79,"(Khan et al., 2017)",10.2249,6.1107,12.9676,3.932,2.456,1.4,3.16,2.2366,0.1724,3.6127,1.85,1,47,99
TlCdCl3,Tl,2200,,3.334,3.86,15.41,"(Fujimoto et al., 2017)",10.801,7.551,12.9676,4.989,2.594,1.745,3.16,2.0916,-0.19,3.6127,1.725,1,76.5,99
TlSr2Br5,Tl+,37600,,3.912,,,"(Rooh et al., 2017)",9.5709,5.8326,11.8138,4.767,2.3125,1.233,2.96,2.1553,0.1414,3.3636,1.9667,1.15,36,98
TlSr2I5,Intrinsic,31000,,3.319,,,"(H. J. Kim et al., 2018)",8.7193,5.8326,10.4513,5.103,2.125,1.233,2.66,1.9649,0.1414,3.0591,1.9667,1.4,36,97
TlSr2I5:Eu,Eu3+,72000,1,3.319,,,"(Soundara Pandian et al., 2021)",8.7192,5.8325,10.4513,5.103,2.1269,1.2383,2.66,1.9651,0.1419,3.0591,1.9493,1.4,36.02,97
Y2O3,SA,2600,,4.106,,,"(Futami et al., 2013)",10.6578,6.2173,13.6181,4.892,2.552,1.22,3.44,1.0011,0.3113,1.4611,1.8,0.6,25,101
Y2SiO5:Ce (YSO),Ce3+,15300,,4.766,,,"(Chewpraditkul et al., 2013)",11.0829,6.8576,13.6181,4.267,,,,1.1654,0.6726,1.4611,1.567,0.6,45.0467,101
Y3Al5O12:Ce (YAG),Ce3+,24000,0.1,4.495,3.64,14.45,"(Mares et al., 2005)  Pilania 2019",10.5998,6.0723,13.6181,4.42,2.649,1.462,3.44,1.0316,0.3874,1.4611,1.425,0.6,59.3776,101
Y3Al5O12:Pr,Pr3+,16000,0.25,4.495,3.64,14.45,"(Ogino et al., 2006)   Pilania 2019",10.5996,6.0719,13.6181,4.42,2.6495,1.4637,3.44,1.0315,0.3871,1.4611,1.425,0.6,59.3806,101
Y3Al5O12:Pr,Pr3+,8000,0.8,4.495,3.64,14.45,"(P. Dorenbos et al., 1992)      Pilania 2019   ",10.599,6.0704,13.6181,4.42,,,,1.0313,0.3866,1.4611,1.4252,0.6,59.393,101
YAl3B4O12:Ce,Ce3+,5700,1,5.374,3.26,7.37,"(Knitel et al., 2000)",11.0388,7.17,13.6181,3.634,2.7745,1.7762,3.44,1.0132,0.3414,1.4611,1.1001,0.6,76.1338,101
YAlO3:Ce (YAP),Ce3+,21600,0.1,5.54,4.15,19.32,"(Mares et al., 2005)  Pilania 2019",10.6113,6.1012,13.6181,5.187,2.629,1.413,3.44,1.0255,0.3722,1.4611,1.5,0.6,52.5035,101
YBO3:Ce,Ce3+,10000,1,5.17,3.55,9.15,"(Knitel et al., 2000)",11.0725,7.2543,13.6181,4.379,2.716,1.63,3.44,0.9954,0.297,1.4611,1.3253,0.6,55.535,101
YBr3:Ce,Ce3+,20000,1,4.052,3.12,2.54,"(Cherginets et al., 2012)",10.413,6.2105,11.8138,3.482,2.5248,1.2191,2.96,2.6013,0.3142,3.3636,1.8005,1.15,25.07,98
YCl3:Ce,Ce3+,8700,1,4.976,2.61,2.31,"(Cherginets et al., 2012)",11.2784,6.2105,12.9676,2.3,2.6748,1.2191,3.16,2.7881,0.3142,3.6127,1.8005,1,25.07,99
YI3:Ce,Ce3+,99500,2,3.059,3.67,2.69,"(Glodo et al., 2008)     Pilania 2019",9.3894,6.2037,10.4513,4.012,2.299,1.215,2.66,2.3736,0.3171,3.0591,1.801,1.4,25.14,97
YMgB5O10:Ce,Ce3+,330,0.5,,,,"(Knitel et al., 2000)",11.2665,7.9072,13.6181,,2.7723,1.8184,3.44,0.9366,0.1873,1.4611,1.0786,0.6,75.4336,101
YOBr:Ce1%,Ce3+,16000,1,3.827,3.96,12.5,"(S. Derenzo et al., 2011)",10.5475,6.2105,12.7159,4.693,2.5397,1.219,3.2,1.713,0.3142,2.4124,1.8005,0.875,25.07,99.5
YOCl:Ce,Ce3+,4000,1,5.089,4.26,17.99,"(S. Derenzo et al., 2011)",10.9321,6.2105,13.2928,4.48,2.6063,1.219,3.3,1.796,0.3142,2.5369,1.8005,0.8,25.07,100
YOI:Ce1%,Ce3+,2000,1,3.424,4.3,8.64,"(S. Derenzo et al., 2011)",10.0933,6.2105,12.0347,5.137,2.4397,1.219,3.05,1.6115,0.3142,2.2601,1.8005,1,25.07,99
Zn3Ta2O8,SA,30000,,3.509,,,"(S. Derenzo et al., 2011)",11.7097,8.6564,13.6181,6.86,2.7285,1.59,3.44,0.8113,-0.2284,1.4611,1.39,0.6,66.4,101
ZnWO4,CX,9300,,3.222,5.13,14.28,"(Holl et al., 1988)",11.9551,8.6291,13.6181,7.444,,,,1.0101,0.1082,1.4611,1.35,0.6,65.5,101
Gd3 Ga5 O12 :Ce,,39600,,3.06,4.32,17.91, Pilania 2019,,,,6.801,2.696,1.579,3.44,0.987,0.275,1.4611,1.488,0.6,60.844,101
